﻿ques_id,ques_text,ques_cat_id,ques_sub_date
,Have you ever felt like you don't have any genuine friends?,1,12-03-2023 00:15
,Have you ever felt like your friends don't really care about you?,1,12-03-2023 00:15
,Have you ever felt like your friends use you for their own benefit?,1,12-03-2023 00:15
,Have you ever felt excluded or left out by your friends?,1,12-03-2023 00:15
,Have you ever experienced betrayal or deceit from a friend?,1,12-03-2023 00:15
,Have you ever felt like your friends don't really understand you?,1,12-03-2023 00:15
,Have you ever been bullied or harassed by your friends?,1,12-03-2023 00:15
,Have you ever felt that your friendship is one sided?,1,12-03-2023 00:15
,Did you ever felt alone being wit your friends?,1,12-03-2023 00:15
,Have you ever feel replacable being as a true friend too?,1,12-03-2023 00:15
,How often do you feel that you lack companionship?,2,12-03-2023 00:15
,How often do you feel that there is no one you can turn to?,2,12-03-2023 00:15
,How often do you feel isolated from your partner?,2,12-03-2023 00:15
,How often do you feel that you are not good for your partner?,2,12-03-2023 00:15
,How often do you feel that you dont have a special one who care about you?,2,12-03-2023 00:15
,How often do you feel that you dont have a sense of belonging?,2,12-03-2023 00:15
,How often do you feel that you  dont have a sense of belonging?,2,12-03-2023 00:15
,How often you feel that u dont have partner to share life problems?,2,12-03-2023 00:15
,how much u feel that u dont have a special one at home waititng for u?,2,12-03-2023 00:15
,How often do you feel left out?,2,12-03-2023 00:15
,How often u feel that u dont have moeny?,3,12-03-2023 00:15
,How many days you feel that your friends are richer than you?,3,12-03-2023 00:15
,how often you feel that you dont have a future without money?,3,12-03-2023 00:15
, have you ever felt that money is more important than life?,3,12-03-2023 00:15
,Have you ever felt that you will not survive without money?,3,12-03-2023 00:15
,Do you ever feel bankrupt??,3,12-03-2023 00:15
,Do you feel that death is better than loans?,3,12-03-2023 00:15
,Do you feel suicide is end of money problems?,3,12-03-2023 00:15
,Do you feel money is like air you cant survive without it?,3,12-03-2023 00:15
,Is being rich  matter to ou any time?,3,12-03-2023 00:15
,Do you feel doing hard studies too cant make you win?,4,12-03-2023 00:15
,Have you ever felt like you don't have any mentor to motivate you for your studies?,4,12-03-2023 00:15
,Have you ever felt like your academic performance is negatively impacting your mental health or well-being?,4,12-03-2023 00:15
,Have you ever felt like you are constantly competing with your peers to achieve the highest grades?,4,12-03-2023 00:15
,Have you ever experienced academic failure or received grades that were significantly lower than you expected?,4,12-03-2023 00:15
,Have you ever experienced significant stress or anxiety related to your academic performance or results?,4,12-03-2023 00:15
,Have you ever felt like your academic performance is the only thing that matters to your family or peers?,4,12-03-2023 00:15
,Have you ever felt like you are not smart enough to succeed academically?,4,12-03-2023 00:15
,Have you ever felt like your academic performance defines your worth as a person?,4,12-03-2023 00:15
,Have you ever felt overwhelming pressure to perform academically?,4,12-03-2023 00:15
